{
  "val_loss": [
    3.3189620971679688,
    3.3066086769104004,
    3.2353250980377197,
    3.1953558921813965,
    3.1922783851623535,
    3.0669589042663574,
    3.065249443054199,
    2.9904963970184326,
    2.821117877960205,
    2.942265748977661,
    2.930407762527466,
    2.719373941421509,
    2.9411122798919678,
    2.795541286468506,
    2.7036421298980713,
    2.930980920791626,
    2.6913676261901855,
    2.6037909984588623,
    2.5637245178222656,
    2.3198370933532715
  ],
  "val_accuracy": [
    0.01550387591123581,
    0.0160213615745306,
    0.017356475815176964,
    0.02454780414700508,
    0.10947930812835693,
    0.20293724536895752,
    0.237726092338562,
    0.22963951528072357,
    0.23097462952136993,
    0.25581395626068115,
    0.24165554344654083,
    0.23631508648395538,
    0.23126615583896637,
    0.24165554344654083,
    0.23364485800266266,
    0.2183462530374527,
    0.2283044010400772,
    0.21228304505348206,
    0.22868217527866364,
    0.23364485800266266
  ],
  "loss": [
    3.3365283012390137,
    3.338886260986328,
    3.3367762565612793,
    3.279364585876465,
    3.111083507537842,
    2.9075541496276855,
    2.873934268951416,
    2.8921661376953125,
    2.9439735412597656,
    2.5453853607177734,
    2.495852470397949,
    2.5035221576690674,
    2.2923970222473145,
    2.3403897285461426,
    2.6825408935546875,
    1.649745225906372,
    2.1696043014526367,
    2.167832612991333,
    1.8531228303909302,
    2.1074390411376953
  ],
  "accuracy": [